product_id,category,subcategory,brand,list_price
P50000,Beauty,Skincare,Lakme,653
P50001,Sports,Fitness,Decathlon,38172
P50002,Mobiles,Smartphones,Mi,8112
P50003,Grocery,Essentials,Surf Excel,779
P50004,Mobiles,Smartphones,Mi,55355
P50005,Beauty,Skincare,Nivea,1933
P50006,Fashion,Mens,USPA,1614
P50007,Mobiles,Smartphones,Realme,67482
P50008,Grocery,Essentials,Dettol,1324
P50009,Home,Furniture,Zuari,13304
P50010,Fashion,Womens,W,398
P50011,Fashion,Womens,W,7773
P50012,Fashion,Womens,H&M,7315
P50013,Fashion,Mens,Puma,4225
P50014,Grocery,Essentials,Colgate,1529
P50015,Beauty,Skincare,Nivea,5810
P50016,Electronics,Laptops,Lenovo,37588
P50017,Fashion,Womens,W,1522
P50018,Electronics,Laptops,HP,45967
P50019,Fashion,Mens,Adidas,7573
P50020,Electronics,Laptops,Asus,112440
P50021,Sports,Fitness,Decathlon,24756
P50022,Fashion,Mens,Roadster,1304
P50023,Electronics,Laptops,HP,50052
P50024,Mobiles,Smartphones,Realme,65479
P50025,Fashion,Womens,Biba,7304
P50026,Electronics,Headphones,Sony,11848
P50027,Home,Kitchen,Butterfly,2005
P50028,Fashion,Mens,Roadster,817
P50029,Home,Furniture,Godrej,19604
P50030,Home,Kitchen,Prestige,2806
P50031,Beauty,Skincare,Nivea,4425
P50032,Fashion,Mens,Puma,1491
P50033,Fashion,Mens,Levis,4180
P50034,Electronics,Laptops,HP,139440
P50035,Fashion,Mens,Puma,6451
P50036,Fashion,Womens,Biba,3543
P50037,Grocery,Essentials,Aashirvaad,1433
P50038,Grocery,Essentials,Maggi,244
P50039,Beauty,Skincare,Mamaearth,3190
P50040,Sports,Fitness,HRX,39765
P50041,Electronics,Headphones,Sony,10879
P50042,Sports,Fitness,Adidas,22052
P50043,Fashion,Womens,FabIndia,4859
P50044,Fashion,Womens,Zara,6799
P50045,Mobiles,Smartphones,Apple,40741
P50046,Grocery,Essentials,Aashirvaad,1231
P50047,Home,Kitchen,Pigeon,8557
P50048,Home,Furniture,Durian,8092
P50049,Fashion,Mens,Levis,3206
P50050,Electronics,Headphones,OnePlus,1370
P50051,Home,Furniture,Godrej,14084
P50052,Sports,Fitness,Strauss,807
P50053,Home,Furniture,Durian,5742
P50054,Mobiles,Smartphones,Apple,7765
P50055,Electronics,Headphones,Sennheiser,12467
P50056,Electronics,Headphones,Sony,9764
P50057,Mobiles,Smartphones,Oppo,31198
P50058,Fashion,Womens,W,4157
P50059,Mobiles,Smartphones,Oppo,54199
P50060,Fashion,Womens,H&M,3485
P50061,Home,Kitchen,Prestige,8336
P50062,Beauty,Skincare,Lakme,639
P50063,Fashion,Womens,W,2349
P50064,Home,Furniture,Durian,54435
P50065,Fashion,Womens,Biba,4975
P50066,Beauty,Skincare,Maybelline,1763
P50067,Sports,Fitness,Strauss,39744
P50068,Fashion,Mens,Puma,1347
P50069,Mobiles,Smartphones,Vivo,22077
P50070,Fashion,Mens,Adidas,805
P50071,Mobiles,Smartphones,Apple,26631
P50072,Home,Kitchen,Hawkins,3800
P50073,Grocery,Essentials,Dettol,1960
P50074,Home,Furniture,Ikea,35500
P50075,Home,Furniture,Ikea,21897
P50076,Sports,Fitness,Strauss,37877
P50077,Grocery,Essentials,Maggi,944
P50078,Grocery,Essentials,Maggi,410
P50079,Mobiles,Smartphones,OnePlus,33897
P50080,Home,Furniture,Ikea,49280
P50081,Home,Furniture,Godrej,38103
P50082,Grocery,Essentials,Surf Excel,1259
P50083,Mobiles,Smartphones,Realme,64320
P50084,Fashion,Womens,H&M,7356
P50085,Fashion,Womens,Zara,4674
P50086,Beauty,Skincare,Maybelline,2853
P50087,Electronics,Laptops,Apple,56941
P50088,Electronics,Headphones,boAt,2172
P50089,Home,Kitchen,Philips,9936
P50090,Mobiles,Smartphones,Motorola,10376
P50091,Fashion,Womens,Biba,6507
P50092,Sports,Fitness,Decathlon,16947
P50093,Electronics,Headphones,Sony,4745
P50094,Electronics,Headphones,OnePlus,1129
P50095,Electronics,Headphones,Realme,14981
P50096,Grocery,Essentials,Aashirvaad,812
P50097,Beauty,Skincare,Lakme,2063
P50098,Sports,Fitness,Decathlon,19972
P50099,Electronics,Laptops,Dell,84834
P50100,Sports,Fitness,Adidas,17024
P50101,Sports,Fitness,Adidas,5039
P50102,Mobiles,Smartphones,Oppo,70983
P50103,Beauty,Skincare,Maybelline,2573
P50104,Fashion,Mens,Roadster,5894
P50105,Beauty,Skincare,Nivea,4003
P50106,Fashion,Mens,Levis,5664
P50107,Electronics,Laptops,Apple,90985
P50108,Mobiles,Smartphones,Motorola,66169
P50109,Grocery,Essentials,Dettol,400
P50110,Electronics,Headphones,JBL,5494
P50111,Mobiles,Smartphones,Apple,44574
P50112,Grocery,Essentials,Aashirvaad,919
P50113,Mobiles,Smartphones,OnePlus,69624
P50114,Grocery,Essentials,Surf Excel,1213
P50115,Mobiles,Smartphones,OnePlus,10659
P50116,Beauty,Skincare,Maybelline,3702
P50117,Beauty,Skincare,Maybelline,492
P50118,Beauty,Skincare,Nivea,941
P50119,Electronics,Headphones,OnePlus,3248
P50120,Home,Kitchen,Hawkins,11283
P50121,Home,Furniture,Durian,58744
P50122,Fashion,Mens,Levis,3253
P50123,Beauty,Skincare,Mamaearth,5231
P50124,Home,Kitchen,Butterfly,1658
P50125,Fashion,Mens,Puma,1290
P50126,Mobiles,Smartphones,Motorola,64371
P50127,Electronics,Laptops,HP,107307
P50128,Grocery,Essentials,Colgate,1365
P50129,Home,Kitchen,Philips,1132
P50130,Sports,Fitness,Adidas,21077
P50131,Fashion,Womens,H&M,2138
P50132,Home,Kitchen,Hawkins,9852
P50133,Beauty,Skincare,Lakme,5258
P50134,Beauty,Skincare,Mamaearth,3209
P50135,Home,Kitchen,Pigeon,9815
P50136,Grocery,Essentials,Colgate,228
P50137,Fashion,Mens,Roadster,3980
P50138,Mobiles,Smartphones,Apple,7891
P50139,Fashion,Womens,W,5888
P50140,Mobiles,Smartphones,Motorola,57457
P50141,Electronics,Headphones,Realme,6083
P50142,Grocery,Essentials,Surf Excel,502
P50143,Beauty,Skincare,Maybelline,4292
P50144,Electronics,Headphones,boAt,7252
P50145,Mobiles,Smartphones,Apple,31837
P50146,Mobiles,Smartphones,Motorola,29778
P50147,Fashion,Womens,Zara,2470
P50148,Home,Furniture,Zuari,18708
P50149,Mobiles,Smartphones,OnePlus,31232
P50150,Fashion,Mens,USPA,6944
P50151,Fashion,Mens,USPA,5082
P50152,Home,Kitchen,Butterfly,10231
P50153,Fashion,Womens,FabIndia,2160
P50154,Fashion,Womens,Biba,3437
P50155,Beauty,Skincare,Nivea,3998
P50156,Mobiles,Smartphones,Realme,76690
P50157,Home,Furniture,Ikea,37546
P50158,Sports,Fitness,Decathlon,14309
P50159,Electronics,Headphones,JBL,10388
P50160,Fashion,Womens,Zara,6709
P50161,Home,Kitchen,Hawkins,10168
P50162,Home,Kitchen,Philips,4613
P50163,Mobiles,Smartphones,Mi,29030
P50164,Mobiles,Smartphones,Vivo,47376
P50165,Sports,Fitness,HRX,20605
P50166,Electronics,Laptops,Dell,137021
P50167,Electronics,Laptops,Acer,114831
P50168,Mobiles,Smartphones,Oppo,25055
P50169,Grocery,Essentials,Surf Excel,966
P50170,Fashion,Mens,Roadster,5888
P50171,Fashion,Mens,Puma,1217
P50172,Sports,Fitness,HRX,9825
P50173,Sports,Fitness,HRX,37275
P50174,Beauty,Skincare,Maybelline,2005
P50175,Home,Furniture,Godrej,22373
P50176,Home,Kitchen,Butterfly,3785
P50177,Fashion,Mens,Puma,5097
P50178,Grocery,Essentials,Dettol,122
P50179,Mobiles,Smartphones,Motorola,58884
P50180,Fashion,Womens,H&M,3069
P50181,Grocery,Essentials,Dettol,1371
P50182,Beauty,Skincare,Lakme,3816
P50183,Grocery,Essentials,Maggi,1356
P50184,Fashion,Womens,Zara,1828
P50185,Electronics,Headphones,Realme,14309
P50186,Electronics,Laptops,Acer,32101
P50187,Electronics,Headphones,Realme,14143
P50188,Home,Kitchen,Hawkins,5043
P50189,Home,Kitchen,Philips,9251
P50190,Fashion,Mens,Adidas,7314
P50191,Fashion,Womens,W,3712
P50192,Home,Kitchen,Prestige,8125
P50193,Sports,Fitness,Adidas,8719
P50194,Fashion,Mens,Roadster,7463
P50195,Beauty,Skincare,Maybelline,2570
P50196,Fashion,Mens,Adidas,2838
P50197,Electronics,Headphones,Sony,959
P50198,Mobiles,Smartphones,Apple,26276
P50199,Sports,Fitness,HRX,37381
P50200,Sports,Fitness,Decathlon,13914
P50201,Home,Furniture,Ikea,9749
P50202,Sports,Fitness,Strauss,24682
P50203,Sports,Fitness,HRX,12414
P50204,Electronics,Headphones,Realme,12723
P50205,Grocery,Essentials,Dettol,1938
P50206,Sports,Fitness,HRX,21883
P50207,Mobiles,Smartphones,OnePlus,32412
P50208,Electronics,Laptops,Acer,38181
P50209,Electronics,Headphones,OnePlus,12930
P50210,Electronics,Headphones,OnePlus,11278
P50211,Grocery,Essentials,Colgate,1407
P50212,Home,Furniture,Durian,32868
P50213,Grocery,Essentials,Aashirvaad,672
P50214,Fashion,Mens,USPA,5827
P50215,Electronics,Laptops,Lenovo,53688
P50216,Home,Kitchen,Philips,6148
P50217,Beauty,Skincare,Maybelline,6917
P50218,Home,Kitchen,Butterfly,1927
P50219,Home,Furniture,Ikea,40911
P50220,Home,Furniture,Zuari,49277
P50221,Sports,Fitness,HRX,23442
P50222,Grocery,Essentials,Aashirvaad,1581
P50223,Fashion,Mens,USPA,5572
P50224,Sports,Fitness,Adidas,24765
P50225,Fashion,Womens,Biba,1091
P50226,Fashion,Mens,USPA,7532
P50227,Home,Furniture,Zuari,30668
P50228,Home,Furniture,Godrej,48196
P50229,Electronics,Headphones,Realme,4547
P50230,Fashion,Womens,H&M,1405
P50231,Sports,Fitness,HRX,2107
P50232,Home,Furniture,Zuari,23458
P50233,Fashion,Womens,H&M,7453
P50234,Electronics,Laptops,Acer,52973
P50235,Beauty,Skincare,Nivea,6833
P50236,Grocery,Essentials,Surf Excel,116
P50237,Home,Furniture,Ikea,17535
P50238,Electronics,Laptops,Asus,147688
P50239,Fashion,Mens,Puma,5079
P50240,Grocery,Essentials,Aashirvaad,1551
P50241,Fashion,Womens,Biba,1578
P50242,Grocery,Essentials,Colgate,112
P50243,Home,Kitchen,Butterfly,9305
P50244,Electronics,Headphones,JBL,1202
P50245,Fashion,Womens,Biba,6635
P50246,Electronics,Laptops,Dell,51578
P50247,Home,Furniture,Godrej,48408
P50248,Fashion,Womens,H&M,4466
P50249,Mobiles,Smartphones,Samsung,22076
P50250,Home,Kitchen,Butterfly,3293
P50251,Electronics,Laptops,Acer,34278
P50252,Fashion,Mens,Adidas,7764
P50253,Mobiles,Smartphones,Oppo,40539
P50254,Fashion,Womens,Biba,3972
P50255,Electronics,Headphones,OnePlus,12240
P50256,Mobiles,Smartphones,Vivo,33245
P50257,Grocery,Essentials,Maggi,1667
P50258,Fashion,Womens,Zara,1856
P50259,Electronics,Laptops,Lenovo,134454
P50260,Fashion,Womens,Zara,1451
P50261,Electronics,Headphones,Sennheiser,6114
P50262,Beauty,Skincare,Mamaearth,1317
P50263,Grocery,Essentials,Aashirvaad,233
P50264,Home,Furniture,Godrej,47302
P50265,Fashion,Womens,W,4244
P50266,Electronics,Headphones,Sennheiser,8839
P50267,Mobiles,Smartphones,Apple,54427
P50268,Mobiles,Smartphones,Oppo,78839
P50269,Electronics,Laptops,Asus,83049
P50270,Grocery,Essentials,Maggi,671
P50271,Mobiles,Smartphones,OnePlus,62413
P50272,Home,Furniture,Ikea,2422
P50273,Beauty,Skincare,Lakme,6799
P50274,Beauty,Skincare,Lakme,2121
P50275,Electronics,Laptops,Asus,102521
P50276,Fashion,Womens,Biba,4431
P50277,Mobiles,Smartphones,Realme,75908
P50278,Electronics,Headphones,Sennheiser,6836
P50279,Fashion,Mens,Levis,2242
P50280,Beauty,Skincare,Lakme,3905
P50281,Sports,Fitness,Decathlon,26316
P50282,Electronics,Laptops,Apple,100486
P50283,Fashion,Womens,FabIndia,397
P50284,Home,Kitchen,Pigeon,1779
P50285,Electronics,Laptops,Dell,95162
P50286,Electronics,Headphones,OnePlus,10824
P50287,Fashion,Mens,USPA,2885
P50288,Sports,Fitness,Decathlon,5647
P50289,Beauty,Skincare,Lakme,3747
P50290,Grocery,Essentials,Maggi,1397
P50291,Sports,Fitness,Decathlon,579
P50292,Beauty,Skincare,Maybelline,6806
P50293,Home,Kitchen,Prestige,5877
P50294,Home,Kitchen,Butterfly,2523
P50295,Beauty,Skincare,Mamaearth,2669
P50296,Grocery,Essentials,Surf Excel,1822
P50297,Electronics,Laptops,Asus,104304
P50298,Grocery,Essentials,Dettol,472
P50299,Mobiles,Smartphones,Samsung,24507
P50300,Beauty,Skincare,Mamaearth,6230
P50301,Beauty,Skincare,Maybelline,3911
P50302,Grocery,Essentials,Maggi,1476
P50303,Home,Furniture,Ikea,37391
P50304,Home,Furniture,Ikea,36171
P50305,Electronics,Headphones,OnePlus,3378
P50306,Home,Furniture,Zuari,51483
P50307,Home,Kitchen,Hawkins,7785
P50308,Mobiles,Smartphones,Motorola,44748
P50309,Beauty,Skincare,Lakme,3978
P50310,Sports,Fitness,Strauss,2449
P50311,Home,Kitchen,Prestige,3760
P50312,Electronics,Headphones,Sony,2928
P50313,Fashion,Mens,Levis,4797
P50314,Mobiles,Smartphones,Oppo,58306
P50315,Home,Furniture,Durian,23614
P50316,Fashion,Womens,Zara,7744
P50317,Electronics,Laptops,Acer,140925
P50318,Sports,Fitness,Decathlon,10458
P50319,Beauty,Skincare,Lakme,1941
P50320,Fashion,Mens,USPA,805
P50321,Electronics,Laptops,HP,112160
P50322,Grocery,Essentials,Aashirvaad,1207
P50323,Grocery,Essentials,Aashirvaad,1891
P50324,Mobiles,Smartphones,Vivo,28199
P50325,Mobiles,Smartphones,Realme,72792
P50326,Mobiles,Smartphones,Motorola,41488
P50327,Home,Kitchen,Philips,7647
P50328,Home,Kitchen,Hawkins,7376
P50329,Grocery,Essentials,Surf Excel,1121
P50330,Mobiles,Smartphones,Apple,74602
P50331,Sports,Fitness,Decathlon,26145
P50332,Electronics,Headphones,boAt,9442
P50333,Mobiles,Smartphones,Realme,61327
P50334,Beauty,Skincare,Lakme,4936
P50335,Sports,Fitness,HRX,32335
P50336,Beauty,Skincare,Maybelline,181
P50337,Fashion,Womens,Zara,1036
P50338,Grocery,Essentials,Dettol,128
P50339,Mobiles,Smartphones,Motorola,45549
P50340,Home,Furniture,Durian,55096
P50341,Electronics,Laptops,Lenovo,80578
P50342,Mobiles,Smartphones,Motorola,53390
P50343,Electronics,Headphones,OnePlus,14084
P50344,Fashion,Womens,W,2507
P50345,Mobiles,Smartphones,Apple,61587
P50346,Electronics,Laptops,HP,86292
P50347,Electronics,Laptops,Acer,117114
P50348,Home,Kitchen,Prestige,10183
P50349,Electronics,Headphones,Sennheiser,10171
P50350,Electronics,Headphones,JBL,3735
P50351,Sports,Fitness,HRX,22717
P50352,Home,Furniture,Zuari,12707
P50353,Electronics,Headphones,boAt,8888
P50354,Fashion,Womens,W,5248
P50355,Home,Furniture,Zuari,51613
P50356,Home,Kitchen,Prestige,11393
P50357,Electronics,Headphones,Sennheiser,916
P50358,Home,Kitchen,Pigeon,6085
P50359,Electronics,Laptops,Asus,97043
P50360,Mobiles,Smartphones,Samsung,12830
P50361,Electronics,Headphones,Realme,5361
P50362,Electronics,Laptops,Lenovo,149678
P50363,Mobiles,Smartphones,OnePlus,54287
P50364,Mobiles,Smartphones,Mi,40427
P50365,Electronics,Laptops,Dell,109042
P50366,Beauty,Skincare,Mamaearth,3919
P50367,Home,Furniture,Durian,46303
P50368,Beauty,Skincare,Lakme,5910
P50369,Grocery,Essentials,Dettol,552
P50370,Fashion,Mens,USPA,5190
P50371,Mobiles,Smartphones,Vivo,24970
P50372,Sports,Fitness,Adidas,5182
P50373,Home,Furniture,Godrej,57951
P50374,Mobiles,Smartphones,OnePlus,30371
P50375,Fashion,Womens,Zara,5670
P50376,Sports,Fitness,Strauss,24859
P50377,Grocery,Essentials,Aashirvaad,884
P50378,Grocery,Essentials,Maggi,1203
P50379,Fashion,Womens,FabIndia,3111
P50380,Electronics,Laptops,Apple,135949
P50381,Home,Furniture,Durian,29315
P50382,Home,Kitchen,Philips,5827
P50383,Home,Furniture,Zuari,20268
P50384,Sports,Fitness,HRX,10210
P50385,Beauty,Skincare,Nivea,721
P50386,Home,Kitchen,Butterfly,5373
P50387,Grocery,Essentials,Colgate,1587
P50388,Grocery,Essentials,Maggi,1394
P50389,Electronics,Laptops,Asus,139451
P50390,Fashion,Mens,USPA,2637
P50391,Home,Furniture,Zuari,56568
P50392,Electronics,Laptops,HP,47184
P50393,Sports,Fitness,Strauss,23779
P50394,Home,Kitchen,Prestige,10486
P50395,Fashion,Womens,Zara,7942
P50396,Mobiles,Smartphones,Realme,50030
P50397,Beauty,Skincare,Lakme,5001
P50398,Sports,Fitness,Adidas,35633
P50399,Mobiles,Smartphones,Mi,50805
P50400,Home,Furniture,Godrej,45998
P50401,Fashion,Womens,FabIndia,1154
P50402,Grocery,Essentials,Aashirvaad,1266
P50403,Electronics,Laptops,Acer,93264
P50404,Home,Kitchen,Philips,1215
P50405,Electronics,Laptops,Apple,73245
P50406,Home,Kitchen,Pigeon,7473
P50407,Fashion,Mens,Puma,5238
P50408,Fashion,Mens,USPA,6926
P50409,Electronics,Laptops,Asus,90667
P50410,Home,Kitchen,Butterfly,9608
P50411,Home,Kitchen,Butterfly,3893
P50412,Mobiles,Smartphones,OnePlus,72074
P50413,Electronics,Laptops,HP,83204
P50414,Electronics,Headphones,Sony,1093
P50415,Home,Furniture,Godrej,29264
P50416,Grocery,Essentials,Aashirvaad,1049
P50417,Fashion,Mens,Adidas,6835
P50418,Electronics,Headphones,Sony,11288
P50419,Fashion,Mens,Levis,3985
P50420,Fashion,Womens,Biba,7146
P50421,Fashion,Mens,Adidas,7884
P50422,Sports,Fitness,Adidas,24194
P50423,Fashion,Mens,Roadster,5656
P50424,Mobiles,Smartphones,Motorola,56438
P50425,Electronics,Headphones,OnePlus,9441
P50426,Fashion,Womens,Biba,2638
P50427,Home,Kitchen,Pigeon,11732
P50428,Home,Kitchen,Prestige,6886
P50429,Fashion,Womens,Biba,3003
P50430,Beauty,Skincare,Maybelline,5403
P50431,Electronics,Laptops,Asus,77268
P50432,Beauty,Skincare,Mamaearth,5974
P50433,Electronics,Headphones,boAt,7770
P50434,Fashion,Mens,Roadster,6365
P50435,Home,Kitchen,Prestige,8448
P50436,Mobiles,Smartphones,Vivo,68915
P50437,Beauty,Skincare,Nivea,352
P50438,Fashion,Mens,Adidas,1719
P50439,Grocery,Essentials,Dettol,338
P50440,Electronics,Laptops,Acer,140923
P50441,Fashion,Womens,H&M,1299
P50442,Fashion,Mens,Roadster,4060
P50443,Electronics,Laptops,Acer,61884
P50444,Electronics,Laptops,Dell,127715
P50445,Home,Kitchen,Pigeon,11103
P50446,Home,Kitchen,Pigeon,5857
P50447,Electronics,Headphones,OnePlus,10438
P50448,Grocery,Essentials,Colgate,1306
P50449,Fashion,Womens,Biba,2470
P50450,Electronics,Laptops,Acer,68881
P50451,Electronics,Headphones,Sennheiser,14047
P50452,Sports,Fitness,Strauss,36951
P50453,Beauty,Skincare,Lakme,2361
P50454,Home,Furniture,Zuari,28521
P50455,Electronics,Laptops,Apple,87278
P50456,Electronics,Headphones,Sony,14055
P50457,Grocery,Essentials,Aashirvaad,1903
P50458,Home,Kitchen,Philips,9091
P50459,Electronics,Laptops,Apple,38079
P50460,Electronics,Laptops,Lenovo,31895
P50461,Fashion,Mens,Roadster,3703
P50462,Grocery,Essentials,Dettol,992
P50463,Fashion,Womens,Zara,5043
P50464,Home,Kitchen,Philips,11310
P50465,Electronics,Laptops,Lenovo,73821
P50466,Beauty,Skincare,Mamaearth,962
P50467,Home,Kitchen,Hawkins,4827
P50468,Beauty,Skincare,Mamaearth,4155
P50469,Home,Furniture,Zuari,19603
P50470,Fashion,Womens,H&M,4095
P50471,Home,Furniture,Ikea,47564
P50472,Electronics,Laptops,Dell,136038
P50473,Fashion,Mens,USPA,827
P50474,Fashion,Womens,W,7669
P50475,Fashion,Mens,USPA,3222
P50476,Electronics,Headphones,Sennheiser,6649
P50477,Sports,Fitness,Strauss,30800
P50478,Grocery,Essentials,Colgate,1206
P50479,Electronics,Headphones,boAt,1962
P50480,Home,Furniture,Durian,47724
P50481,Beauty,Skincare,Lakme,3664
P50482,Home,Furniture,Durian,19230
P50483,Fashion,Womens,W,2417
P50484,Fashion,Womens,W,7259
P50485,Home,Furniture,Zuari,37854
P50486,Electronics,Laptops,Apple,67730
P50487,Home,Furniture,Ikea,21667
P50488,Fashion,Womens,Biba,2125
P50489,Fashion,Womens,Zara,7527
P50490,Home,Kitchen,Pigeon,3623
P50491,Mobiles,Smartphones,OnePlus,7445
P50492,Fashion,Mens,Adidas,1325
P50493,Electronics,Headphones,Realme,10763
P50494,Home,Furniture,Durian,52511
P50495,Home,Kitchen,Hawkins,8510
P50496,Electronics,Laptops,Acer,145801
P50497,Fashion,Womens,Zara,860
P50498,Home,Furniture,Ikea,17437
P50499,Fashion,Womens,H&M,771
P50500,Beauty,Skincare,Lakme,127
P50501,Home,Kitchen,Philips,9051
P50502,Home,Furniture,Godrej,12847
P50503,Beauty,Skincare,Mamaearth,3336
P50504,Sports,Fitness,Strauss,13987
P50505,Home,Kitchen,Philips,11555
P50506,Home,Furniture,Zuari,57324
P50507,Home,Furniture,Godrej,3979
P50508,Grocery,Essentials,Dettol,718
P50509,Home,Kitchen,Butterfly,5221
P50510,Home,Kitchen,Philips,9307
P50511,Fashion,Womens,Biba,2626
P50512,Home,Furniture,Godrej,37098
P50513,Fashion,Mens,Roadster,7946
P50514,Fashion,Mens,Roadster,1302
P50515,Fashion,Mens,Puma,1842
P50516,Sports,Fitness,Strauss,6948
P50517,Home,Furniture,Godrej,41605
P50518,Home,Furniture,Godrej,14396
P50519,Beauty,Skincare,Lakme,6567
P50520,Grocery,Essentials,Dettol,1279
P50521,Home,Kitchen,Philips,11797
P50522,Fashion,Womens,FabIndia,6357
P50523,Grocery,Essentials,Dettol,507
P50524,Beauty,Skincare,Nivea,6159
P50525,Home,Furniture,Godrej,37297
P50526,Electronics,Headphones,Sony,14009
P50527,Home,Kitchen,Butterfly,1730
P50528,Sports,Fitness,Strauss,37180
P50529,Fashion,Mens,Roadster,1832
P50530,Sports,Fitness,Strauss,31739
P50531,Home,Furniture,Godrej,46084
P50532,Beauty,Skincare,Maybelline,1521
P50533,Electronics,Headphones,Sony,14310
P50534,Electronics,Laptops,Dell,115502
P50535,Fashion,Mens,Levis,6068
P50536,Fashion,Womens,FabIndia,3118
P50537,Home,Furniture,Godrej,28445
P50538,Mobiles,Smartphones,Oppo,78153
P50539,Electronics,Headphones,Sony,1995
P50540,Electronics,Headphones,OnePlus,7029
P50541,Home,Kitchen,Philips,11097
P50542,Sports,Fitness,Strauss,25933
P50543,Fashion,Mens,Roadster,5605
P50544,Home,Furniture,Ikea,10077
P50545,Mobiles,Smartphones,Motorola,55648
P50546,Fashion,Mens,Adidas,6046
P50547,Beauty,Skincare,Nivea,6909
P50548,Mobiles,Smartphones,Realme,49113
P50549,Grocery,Essentials,Maggi,892
P50550,Grocery,Essentials,Colgate,1154
P50551,Electronics,Headphones,Realme,6721
P50552,Beauty,Skincare,Mamaearth,1782
P50553,Grocery,Essentials,Dettol,344
P50554,Electronics,Headphones,Realme,6897
P50555,Sports,Fitness,Adidas,39680
P50556,Home,Furniture,Godrej,43604
P50557,Electronics,Headphones,boAt,12625
P50558,Home,Furniture,Zuari,8678
P50559,Beauty,Skincare,Nivea,2235
P50560,Home,Kitchen,Hawkins,5320
P50561,Fashion,Mens,USPA,6043
P50562,Electronics,Headphones,Sennheiser,910
P50563,Electronics,Headphones,Sony,9575
P50564,Home,Furniture,Ikea,46185
P50565,Grocery,Essentials,Colgate,1536
P50566,Grocery,Essentials,Aashirvaad,1642
P50567,Electronics,Headphones,Realme,5664
P50568,Grocery,Essentials,Colgate,1229
P50569,Grocery,Essentials,Surf Excel,1698
P50570,Electronics,Headphones,Sony,7181
P50571,Sports,Fitness,Adidas,2881
P50572,Sports,Fitness,Strauss,16989
P50573,Electronics,Laptops,Asus,102281
P50574,Sports,Fitness,Strauss,6318
P50575,Electronics,Laptops,Acer,133190
P50576,Beauty,Skincare,Lakme,1833
P50577,Fashion,Womens,Biba,681
P50578,Fashion,Mens,Levis,3036
P50579,Fashion,Womens,FabIndia,4656
P50580,Grocery,Essentials,Surf Excel,1872
P50581,Mobiles,Smartphones,Oppo,8316
P50582,Grocery,Essentials,Surf Excel,1408
P50583,Electronics,Headphones,Realme,11694
P50584,Electronics,Headphones,Realme,13907
P50585,Fashion,Mens,Roadster,4374
P50586,Home,Kitchen,Pigeon,5104
P50587,Home,Kitchen,Butterfly,1206
P50588,Home,Kitchen,Pigeon,7921
P50589,Sports,Fitness,Adidas,23602
P50590,Beauty,Skincare,Lakme,6885
P50591,Grocery,Essentials,Colgate,1840
P50592,Electronics,Headphones,Sony,9454
P50593,Mobiles,Smartphones,Vivo,38957
P50594,Mobiles,Smartphones,Vivo,19872
P50595,Mobiles,Smartphones,Oppo,57094
P50596,Home,Kitchen,Butterfly,8649
P50597,Fashion,Mens,Adidas,6715
P50598,Home,Kitchen,Hawkins,3609
P50599,Electronics,Headphones,JBL,2126
P50600,Grocery,Essentials,Surf Excel,1957
P50601,Grocery,Essentials,Colgate,719
P50602,Fashion,Mens,Puma,2968
P50603,Beauty,Skincare,Maybelline,2668
P50604,Sports,Fitness,Decathlon,12084
P50605,Mobiles,Smartphones,OnePlus,9106
P50606,Grocery,Essentials,Colgate,1431
P50607,Fashion,Mens,USPA,5099
P50608,Mobiles,Smartphones,Motorola,32223
P50609,Home,Kitchen,Philips,11814
P50610,Home,Furniture,Durian,37706
P50611,Fashion,Womens,Biba,2783
P50612,Grocery,Essentials,Surf Excel,195
P50613,Beauty,Skincare,Nivea,3006
P50614,Fashion,Mens,Levis,3325
P50615,Sports,Fitness,Decathlon,34643
P50616,Beauty,Skincare,Maybelline,1923
P50617,Home,Kitchen,Prestige,544
P50618,Grocery,Essentials,Maggi,1633
P50619,Electronics,Headphones,boAt,3148
P50620,Home,Kitchen,Prestige,9359
P50621,Sports,Fitness,HRX,31319
P50622,Home,Kitchen,Hawkins,11353
P50623,Fashion,Mens,Roadster,779
P50624,Beauty,Skincare,Mamaearth,2562
P50625,Fashion,Mens,Levis,6608
P50626,Mobiles,Smartphones,OnePlus,58087
P50627,Home,Furniture,Zuari,16253
P50628,Beauty,Skincare,Maybelline,5857
P50629,Home,Furniture,Ikea,13565
P50630,Fashion,Mens,Puma,3321
P50631,Electronics,Headphones,OnePlus,12184
P50632,Grocery,Essentials,Maggi,137
P50633,Sports,Fitness,Decathlon,9932
P50634,Home,Kitchen,Philips,9064
P50635,Home,Kitchen,Pigeon,9305
P50636,Home,Furniture,Ikea,2178
P50637,Sports,Fitness,Strauss,26801
P50638,Beauty,Skincare,Maybelline,262
P50639,Grocery,Essentials,Maggi,642
P50640,Fashion,Womens,W,1305
P50641,Home,Furniture,Durian,33913
P50642,Beauty,Skincare,Mamaearth,2448
P50643,Beauty,Skincare,Maybelline,2521
P50644,Sports,Fitness,Strauss,21026
P50645,Sports,Fitness,Decathlon,28817
P50646,Electronics,Laptops,Acer,144191
P50647,Home,Kitchen,Philips,1517
P50648,Grocery,Essentials,Surf Excel,476
P50649,Mobiles,Smartphones,Samsung,7929
P50650,Home,Furniture,Durian,42726
P50651,Grocery,Essentials,Aashirvaad,366
P50652,Electronics,Laptops,Acer,124806
P50653,Electronics,Laptops,Acer,123724
P50654,Grocery,Essentials,Dettol,1342
P50655,Sports,Fitness,Adidas,39098
P50656,Beauty,Skincare,Lakme,5955
P50657,Fashion,Womens,Biba,4658
P50658,Grocery,Essentials,Surf Excel,1499
P50659,Home,Furniture,Zuari,32885
P50660,Mobiles,Smartphones,Vivo,78347
P50661,Home,Kitchen,Pigeon,8919
P50662,Electronics,Laptops,Acer,114791
P50663,Electronics,Headphones,Sony,9388
P50664,Electronics,Headphones,OnePlus,14327
P50665,Beauty,Skincare,Lakme,895
P50666,Sports,Fitness,HRX,33374
P50667,Home,Kitchen,Pigeon,4349
P50668,Electronics,Laptops,HP,66057
P50669,Electronics,Headphones,Sennheiser,2703
P50670,Electronics,Headphones,OnePlus,8449
P50671,Fashion,Womens,Biba,3870
P50672,Grocery,Essentials,Surf Excel,1303
P50673,Fashion,Mens,Roadster,5676
P50674,Home,Kitchen,Prestige,342
P50675,Fashion,Mens,USPA,6685
P50676,Mobiles,Smartphones,Motorola,74113
P50677,Sports,Fitness,HRX,12882
P50678,Grocery,Essentials,Surf Excel,1839
P50679,Mobiles,Smartphones,Samsung,35859
P50680,Home,Furniture,Durian,10576
P50681,Electronics,Laptops,Asus,70874
P50682,Fashion,Mens,Puma,3771
P50683,Beauty,Skincare,Nivea,3677
P50684,Home,Furniture,Zuari,54390
P50685,Home,Kitchen,Philips,5544
P50686,Electronics,Laptops,Apple,149576
P50687,Electronics,Headphones,JBL,2934
P50688,Fashion,Mens,Puma,4192
P50689,Grocery,Essentials,Aashirvaad,538
P50690,Grocery,Essentials,Aashirvaad,275
P50691,Home,Furniture,Durian,7776
P50692,Home,Furniture,Durian,45352
P50693,Sports,Fitness,Decathlon,16619
P50694,Electronics,Headphones,Realme,14985
P50695,Fashion,Womens,FabIndia,4913
P50696,Fashion,Mens,Levis,7498
P50697,Mobiles,Smartphones,Mi,45596
P50698,Home,Kitchen,Philips,4115
P50699,Fashion,Mens,USPA,595
P50700,Fashion,Mens,Roadster,713
P50701,Electronics,Headphones,boAt,6756
P50702,Fashion,Mens,Puma,2295
P50703,Sports,Fitness,Strauss,7168
P50704,Fashion,Mens,USPA,7452
P50705,Beauty,Skincare,Mamaearth,103
P50706,Beauty,Skincare,Mamaearth,277
P50707,Electronics,Laptops,Dell,148625
P50708,Home,Kitchen,Philips,4654
P50709,Beauty,Skincare,Maybelline,751
P50710,Home,Kitchen,Philips,6214
P50711,Grocery,Essentials,Surf Excel,1436
P50712,Sports,Fitness,Adidas,16576
P50713,Electronics,Headphones,Realme,4071
P50714,Electronics,Headphones,OnePlus,7487
P50715,Beauty,Skincare,Maybelline,2582
P50716,Sports,Fitness,HRX,5892
P50717,Grocery,Essentials,Surf Excel,339
P50718,Mobiles,Smartphones,Oppo,34106
P50719,Sports,Fitness,Decathlon,14809
P50720,Electronics,Laptops,Asus,49809
P50721,Electronics,Headphones,Sennheiser,1207
P50722,Electronics,Laptops,HP,25693
P50723,Electronics,Headphones,Sennheiser,1969
P50724,Grocery,Essentials,Aashirvaad,611
P50725,Fashion,Mens,Adidas,2777
P50726,Fashion,Womens,Biba,731
P50727,Sports,Fitness,Decathlon,9674
P50728,Sports,Fitness,HRX,11852
P50729,Fashion,Mens,Puma,3344
P50730,Mobiles,Smartphones,OnePlus,78066
P50731,Electronics,Headphones,Realme,5792
P50732,Mobiles,Smartphones,Realme,60076
P50733,Sports,Fitness,Adidas,23854
P50734,Beauty,Skincare,Mamaearth,3412
P50735,Beauty,Skincare,Mamaearth,4973
P50736,Home,Furniture,Godrej,6318
P50737,Home,Kitchen,Prestige,1988
P50738,Beauty,Skincare,Lakme,567
P50739,Beauty,Skincare,Nivea,2716
P50740,Electronics,Headphones,JBL,10337
P50741,Home,Furniture,Ikea,37190
P50742,Electronics,Headphones,boAt,8079
P50743,Sports,Fitness,Strauss,31746
P50744,Electronics,Laptops,Apple,144195
P50745,Mobiles,Smartphones,Realme,44489
P50746,Sports,Fitness,Adidas,28773
P50747,Electronics,Laptops,HP,72553
P50748,Grocery,Essentials,Colgate,851
P50749,Grocery,Essentials,Maggi,1942
P50750,Electronics,Headphones,boAt,14648
P50751,Fashion,Womens,Zara,5787
P50752,Fashion,Womens,W,3169
P50753,Electronics,Laptops,Acer,70310
P50754,Beauty,Skincare,Nivea,1586
P50755,Electronics,Headphones,Realme,12331
P50756,Electronics,Laptops,Apple,137765
P50757,Electronics,Headphones,JBL,10408
P50758,Electronics,Laptops,Asus,54433
P50759,Grocery,Essentials,Maggi,848
P50760,Home,Furniture,Zuari,27933
P50761,Electronics,Headphones,boAt,13052
P50762,Home,Furniture,Zuari,31236
P50763,Grocery,Essentials,Surf Excel,1441
P50764,Fashion,Womens,W,1878
P50765,Fashion,Mens,USPA,4049
P50766,Mobiles,Smartphones,Vivo,42271
P50767,Sports,Fitness,Decathlon,8355
P50768,Mobiles,Smartphones,Mi,30439
P50769,Mobiles,Smartphones,Apple,18101
P50770,Sports,Fitness,Strauss,27740
P50771,Grocery,Essentials,Dettol,449
P50772,Grocery,Essentials,Surf Excel,336
P50773,Fashion,Womens,FabIndia,4257
P50774,Fashion,Mens,Roadster,2533
P50775,Home,Kitchen,Pigeon,1839
P50776,Mobiles,Smartphones,Oppo,48196
P50777,Beauty,Skincare,Lakme,5010
P50778,Mobiles,Smartphones,Motorola,48887
P50779,Home,Kitchen,Philips,4809
P50780,Electronics,Headphones,Sennheiser,6851
P50781,Fashion,Womens,H&M,6452
P50782,Home,Furniture,Ikea,59763
P50783,Home,Furniture,Ikea,38892
P50784,Home,Kitchen,Butterfly,2695
P50785,Mobiles,Smartphones,Apple,32236
P50786,Home,Furniture,Zuari,29199
P50787,Home,Kitchen,Pigeon,4250
P50788,Sports,Fitness,Strauss,33717
P50789,Grocery,Essentials,Maggi,429
P50790,Electronics,Laptops,Asus,105570
P50791,Grocery,Essentials,Dettol,415
P50792,Mobiles,Smartphones,Motorola,16442
P50793,Home,Kitchen,Pigeon,7585
P50794,Electronics,Headphones,JBL,11451
P50795,Home,Furniture,Durian,14643
P50796,Home,Furniture,Durian,37069
P50797,Home,Furniture,Durian,9710
P50798,Home,Kitchen,Hawkins,6092
P50799,Grocery,Essentials,Aashirvaad,776
P50800,Electronics,Headphones,Realme,10459
P50801,Home,Kitchen,Hawkins,11220
P50802,Mobiles,Smartphones,Motorola,67496
P50803,Fashion,Womens,FabIndia,7513
P50804,Mobiles,Smartphones,Vivo,79752
P50805,Electronics,Laptops,HP,102248
P50806,Fashion,Womens,H&M,5205
P50807,Mobiles,Smartphones,Vivo,55534
P50808,Electronics,Headphones,Realme,6799
P50809,Fashion,Mens,Levis,3654
P50810,Fashion,Mens,Levis,6916
P50811,Fashion,Mens,Roadster,715
P50812,Electronics,Laptops,Acer,114042
P50813,Electronics,Laptops,HP,140287
P50814,Fashion,Mens,Roadster,7588
P50815,Sports,Fitness,Adidas,30511
P50816,Home,Furniture,Ikea,17586
P50817,Fashion,Womens,FabIndia,4474
P50818,Fashion,Womens,H&M,1867
P50819,Home,Furniture,Godrej,49878
P50820,Grocery,Essentials,Dettol,1796
P50821,Sports,Fitness,Adidas,1594
P50822,Fashion,Mens,Puma,3243
P50823,Home,Furniture,Zuari,15508
P50824,Home,Kitchen,Pigeon,9939
P50825,Fashion,Womens,Zara,1792
P50826,Home,Kitchen,Butterfly,11163
P50827,Home,Furniture,Ikea,8191
P50828,Home,Furniture,Durian,19842
P50829,Mobiles,Smartphones,Apple,65552
P50830,Mobiles,Smartphones,Motorola,15046
P50831,Electronics,Headphones,boAt,5734
P50832,Electronics,Headphones,Realme,11204
P50833,Electronics,Laptops,Acer,71806
P50834,Electronics,Laptops,Lenovo,26354
P50835,Fashion,Mens,Roadster,6773
P50836,Mobiles,Smartphones,Vivo,60046
P50837,Fashion,Mens,USPA,4902
P50838,Home,Furniture,Godrej,59184
P50839,Fashion,Mens,USPA,3263
P50840,Home,Furniture,Zuari,29424
P50841,Fashion,Womens,Zara,6611
P50842,Mobiles,Smartphones,Apple,10042
P50843,Electronics,Headphones,JBL,14657
P50844,Fashion,Mens,Roadster,7273
P50845,Mobiles,Smartphones,Apple,14139
P50846,Fashion,Womens,Biba,3334
P50847,Home,Kitchen,Philips,7230
P50848,Electronics,Headphones,boAt,2532
P50849,Sports,Fitness,Strauss,38608
P50850,Beauty,Skincare,Maybelline,5211
P50851,Mobiles,Smartphones,Apple,75617
P50852,Grocery,Essentials,Maggi,1193
P50853,Mobiles,Smartphones,Mi,14802
P50854,Home,Furniture,Godrej,44230
P50855,Sports,Fitness,Adidas,18413
P50856,Grocery,Essentials,Aashirvaad,1131
P50857,Fashion,Mens,Adidas,3831
P50858,Fashion,Womens,W,1451
P50859,Grocery,Essentials,Colgate,1772
P50860,Fashion,Mens,USPA,1016
P50861,Fashion,Mens,USPA,6529
P50862,Fashion,Mens,USPA,4499
P50863,Home,Furniture,Ikea,28766
P50864,Grocery,Essentials,Surf Excel,254
P50865,Electronics,Laptops,Dell,113704
P50866,Fashion,Womens,H&M,4129
P50867,Home,Kitchen,Pigeon,11601
P50868,Mobiles,Smartphones,Mi,16524
P50869,Home,Furniture,Zuari,58371
P50870,Electronics,Headphones,Sennheiser,11040
P50871,Home,Kitchen,Butterfly,6454
P50872,Fashion,Womens,H&M,2149
P50873,Home,Furniture,Zuari,23226
P50874,Home,Kitchen,Prestige,8403
P50875,Mobiles,Smartphones,Realme,65581
P50876,Fashion,Mens,Levis,2318
P50877,Sports,Fitness,HRX,15590
P50878,Fashion,Mens,Adidas,817
P50879,Fashion,Womens,Zara,1738
P50880,Mobiles,Smartphones,Oppo,60238
P50881,Home,Kitchen,Prestige,5427
P50882,Beauty,Skincare,Nivea,2152
P50883,Sports,Fitness,Decathlon,15529
P50884,Fashion,Mens,USPA,6555
P50885,Electronics,Laptops,Asus,114067
P50886,Home,Kitchen,Hawkins,4668
P50887,Fashion,Mens,Levis,4817
P50888,Home,Kitchen,Hawkins,2612
P50889,Sports,Fitness,Strauss,22461
P50890,Fashion,Womens,W,2559
P50891,Electronics,Headphones,boAt,12141
P50892,Fashion,Mens,Roadster,1081
P50893,Home,Kitchen,Philips,11205
P50894,Electronics,Headphones,Realme,2044
P50895,Electronics,Headphones,Realme,3216
P50896,Electronics,Laptops,HP,73061
P50897,Electronics,Headphones,Sony,7290
P50898,Sports,Fitness,Decathlon,12183
P50899,Mobiles,Smartphones,Samsung,12839
P50900,Electronics,Headphones,Realme,9408
P50901,Beauty,Skincare,Mamaearth,6758
P50902,Home,Kitchen,Hawkins,8706
P50903,Electronics,Headphones,JBL,12970
P50904,Grocery,Essentials,Dettol,1185
P50905,Mobiles,Smartphones,Oppo,63249
P50906,Home,Furniture,Durian,46735
P50907,Mobiles,Smartphones,Mi,57734
P50908,Fashion,Womens,FabIndia,6420
P50909,Home,Furniture,Durian,10924
P50910,Electronics,Laptops,Asus,106457
P50911,Mobiles,Smartphones,OnePlus,31260
P50912,Fashion,Womens,W,2563
P50913,Mobiles,Smartphones,Motorola,68852
P50914,Electronics,Headphones,JBL,12796
P50915,Fashion,Mens,Adidas,2727
P50916,Fashion,Mens,Levis,6021
P50917,Fashion,Womens,Biba,531
P50918,Mobiles,Smartphones,Samsung,11930
P50919,Fashion,Womens,FabIndia,4653
P50920,Electronics,Laptops,Acer,32832
P50921,Fashion,Mens,Adidas,5675
P50922,Grocery,Essentials,Dettol,452
P50923,Home,Furniture,Durian,24951
P50924,Sports,Fitness,HRX,8270
P50925,Electronics,Headphones,Sennheiser,9941
P50926,Grocery,Essentials,Dettol,222
P50927,Grocery,Essentials,Aashirvaad,808
P50928,Home,Kitchen,Butterfly,8235
P50929,Grocery,Essentials,Surf Excel,677
P50930,Home,Furniture,Ikea,33280
P50931,Home,Furniture,Durian,13240
P50932,Electronics,Headphones,boAt,4805
P50933,Fashion,Womens,H&M,5807
P50934,Beauty,Skincare,Maybelline,6644
P50935,Beauty,Skincare,Maybelline,737
P50936,Mobiles,Smartphones,Realme,24332
P50937,Mobiles,Smartphones,OnePlus,33836
P50938,Sports,Fitness,Adidas,14888
P50939,Home,Furniture,Durian,49727
P50940,Mobiles,Smartphones,Samsung,8694
P50941,Home,Kitchen,Pigeon,5057
P50942,Mobiles,Smartphones,Realme,56294
P50943,Electronics,Laptops,Lenovo,63769
P50944,Electronics,Laptops,Asus,64420
P50945,Home,Kitchen,Prestige,4881
P50946,Grocery,Essentials,Maggi,1041
P50947,Electronics,Laptops,HP,26460
P50948,Beauty,Skincare,Nivea,3987
P50949,Beauty,Skincare,Nivea,6786
P50950,Electronics,Laptops,Acer,66252
P50951,Mobiles,Smartphones,Mi,16835
P50952,Sports,Fitness,HRX,11410
P50953,Sports,Fitness,Strauss,17721
P50954,Beauty,Skincare,Nivea,1137
P50955,Electronics,Laptops,Apple,121889
P50956,Grocery,Essentials,Maggi,1800
P50957,Electronics,Headphones,Sennheiser,9263
P50958,Mobiles,Smartphones,OnePlus,20336
P50959,Mobiles,Smartphones,Realme,33534
P50960,Sports,Fitness,HRX,2869
P50961,Electronics,Laptops,Apple,50381
P50962,Fashion,Womens,Biba,6100
P50963,Fashion,Mens,Adidas,3474
P50964,Electronics,Laptops,Dell,112905
P50965,Home,Kitchen,Philips,1182
P50966,Electronics,Laptops,HP,121490
P50967,Mobiles,Smartphones,Samsung,32407
P50968,Electronics,Headphones,Sennheiser,14200
P50969,Home,Kitchen,Pigeon,3471
P50970,Sports,Fitness,Adidas,27267
P50971,Home,Furniture,Godrej,4040
P50972,Home,Furniture,Zuari,25116
P50973,Fashion,Womens,Biba,1894
P50974,Sports,Fitness,Adidas,6872
P50975,Grocery,Essentials,Dettol,1676
P50976,Beauty,Skincare,Lakme,6085
P50977,Fashion,Womens,FabIndia,7862
P50978,Home,Furniture,Zuari,46544
P50979,Beauty,Skincare,Nivea,6000
P50980,Grocery,Essentials,Dettol,1871
P50981,Sports,Fitness,Strauss,22200
P50982,Beauty,Skincare,Mamaearth,373
P50983,Sports,Fitness,Decathlon,1089
P50984,Grocery,Essentials,Aashirvaad,702
P50985,Fashion,Mens,Adidas,882
P50986,Home,Kitchen,Prestige,5363
P50987,Beauty,Skincare,Lakme,3733
P50988,Beauty,Skincare,Lakme,2090
P50989,Sports,Fitness,Adidas,23399
P50990,Sports,Fitness,HRX,1758
P50991,Beauty,Skincare,Maybelline,5506
P50992,Sports,Fitness,Decathlon,3366
P50993,Electronics,Headphones,OnePlus,4538
P50994,Electronics,Headphones,Realme,1371
P50995,Fashion,Mens,Adidas,844
P50996,Fashion,Mens,Roadster,5856
P50997,Fashion,Mens,Adidas,4522
P50998,Home,Furniture,Zuari,31404
P50999,Home,Furniture,Godrej,47472
P51000,Electronics,Laptops,Acer,25637
P51001,Fashion,Womens,FabIndia,340
P51002,Home,Kitchen,Butterfly,5182
P51003,Electronics,Headphones,Sennheiser,5192
P51004,Grocery,Essentials,Dettol,1670
P51005,Home,Kitchen,Pigeon,3972
P51006,Home,Kitchen,Hawkins,9791
P51007,Grocery,Essentials,Dettol,714
P51008,Mobiles,Smartphones,Motorola,30641
P51009,Beauty,Skincare,Nivea,4811
P51010,Fashion,Womens,Zara,5343
P51011,Electronics,Laptops,Asus,47027
P51012,Fashion,Mens,Roadster,459
P51013,Grocery,Essentials,Maggi,507
P51014,Home,Furniture,Godrej,44691
P51015,Fashion,Mens,Puma,2746
P51016,Sports,Fitness,HRX,6438
P51017,Grocery,Essentials,Aashirvaad,1847
P51018,Fashion,Mens,Puma,3462
P51019,Beauty,Skincare,Maybelline,1832
P51020,Beauty,Skincare,Lakme,680
P51021,Beauty,Skincare,Nivea,319
P51022,Fashion,Mens,Roadster,7886
P51023,Beauty,Skincare,Mamaearth,4574
P51024,Electronics,Headphones,boAt,10741
P51025,Home,Furniture,Godrej,9073
P51026,Electronics,Laptops,Apple,132966
P51027,Grocery,Essentials,Surf Excel,1013
P51028,Home,Kitchen,Hawkins,4628
P51029,Fashion,Mens,Levis,1694
P51030,Fashion,Mens,Levis,1221
P51031,Home,Furniture,Godrej,4773
P51032,Mobiles,Smartphones,OnePlus,76998
P51033,Fashion,Womens,FabIndia,4876
P51034,Sports,Fitness,HRX,30768
P51035,Grocery,Essentials,Aashirvaad,1436
P51036,Mobiles,Smartphones,Oppo,49078
P51037,Sports,Fitness,Adidas,2365
P51038,Fashion,Womens,FabIndia,6430
P51039,Home,Kitchen,Butterfly,1024
P51040,Fashion,Mens,Adidas,6235
P51041,Beauty,Skincare,Lakme,811
P51042,Home,Furniture,Zuari,42478
P51043,Grocery,Essentials,Dettol,1875
P51044,Home,Furniture,Godrej,30502
P51045,Electronics,Laptops,Dell,144768
P51046,Home,Kitchen,Philips,690
P51047,Electronics,Laptops,HP,34262
P51048,Fashion,Womens,W,4787
P51049,Fashion,Womens,W,3065
P51050,Electronics,Headphones,JBL,13472
P51051,Fashion,Womens,H&M,2728
P51052,Mobiles,Smartphones,Apple,20570
P51053,Mobiles,Smartphones,Mi,64268
P51054,Beauty,Skincare,Maybelline,6847
P51055,Fashion,Mens,Roadster,5329
P51056,Home,Furniture,Ikea,8066
P51057,Fashion,Mens,USPA,4794
P51058,Fashion,Mens,Puma,2447
P51059,Mobiles,Smartphones,Vivo,76108
P51060,Home,Furniture,Zuari,14670
P51061,Beauty,Skincare,Maybelline,2854
P51062,Home,Kitchen,Hawkins,11755
P51063,Electronics,Headphones,Sony,12817
P51064,Mobiles,Smartphones,Vivo,63921
P51065,Electronics,Laptops,Lenovo,85760
P51066,Electronics,Headphones,Realme,11049
P51067,Home,Kitchen,Philips,2611
P51068,Fashion,Womens,FabIndia,7735
P51069,Fashion,Mens,Adidas,3179
P51070,Grocery,Essentials,Dettol,679
P51071,Beauty,Skincare,Maybelline,3742
P51072,Fashion,Mens,Puma,6638
P51073,Fashion,Womens,Zara,2909
P51074,Home,Kitchen,Butterfly,9922
P51075,Electronics,Laptops,Dell,73423
P51076,Beauty,Skincare,Maybelline,2013
P51077,Beauty,Skincare,Lakme,6340
P51078,Home,Kitchen,Prestige,8106
P51079,Electronics,Headphones,OnePlus,1557
P51080,Sports,Fitness,HRX,27210
P51081,Fashion,Mens,Roadster,5386
P51082,Electronics,Headphones,JBL,7020
P51083,Mobiles,Smartphones,Apple,61754
P51084,Home,Kitchen,Hawkins,11709
P51085,Mobiles,Smartphones,Apple,29505
P51086,Electronics,Laptops,Apple,53288
P51087,Electronics,Headphones,Realme,9756
P51088,Grocery,Essentials,Dettol,727
P51089,Sports,Fitness,Strauss,3997
P51090,Home,Kitchen,Prestige,8474
P51091,Home,Kitchen,Butterfly,10164
P51092,Sports,Fitness,HRX,32010
P51093,Beauty,Skincare,Mamaearth,3505
P51094,Fashion,Womens,W,5942
P51095,Electronics,Laptops,HP,99310
P51096,Electronics,Headphones,boAt,5566
P51097,Home,Kitchen,Philips,4933
P51098,Home,Kitchen,Prestige,2121
P51099,Sports,Fitness,Adidas,18521
P51100,Grocery,Essentials,Surf Excel,1142
P51101,Sports,Fitness,Adidas,10872
P51102,Sports,Fitness,Adidas,35014
P51103,Fashion,Mens,Adidas,4126
P51104,Electronics,Headphones,boAt,6597
P51105,Beauty,Skincare,Mamaearth,2720
P51106,Sports,Fitness,Adidas,8097
P51107,Grocery,Essentials,Dettol,1698
P51108,Beauty,Skincare,Nivea,6785
P51109,Home,Furniture,Ikea,59154
P51110,Electronics,Headphones,JBL,6907
P51111,Home,Kitchen,Philips,9676
P51112,Home,Furniture,Godrej,37561
P51113,Beauty,Skincare,Lakme,3046
P51114,Beauty,Skincare,Lakme,2600
P51115,Electronics,Headphones,JBL,13938
P51116,Fashion,Womens,Zara,469
P51117,Fashion,Mens,Puma,5225
P51118,Home,Kitchen,Hawkins,11237
P51119,Home,Furniture,Ikea,19464
P51120,Sports,Fitness,Decathlon,21748
P51121,Electronics,Laptops,HP,127757
P51122,Fashion,Womens,Zara,2548
P51123,Home,Kitchen,Prestige,1625
P51124,Electronics,Laptops,HP,101905
P51125,Fashion,Mens,Roadster,4173
P51126,Electronics,Laptops,Dell,100876
P51127,Sports,Fitness,Decathlon,13908
P51128,Electronics,Laptops,Lenovo,75840
P51129,Fashion,Womens,Zara,3285
P51130,Mobiles,Smartphones,Apple,25460
P51131,Fashion,Womens,W,1829
P51132,Sports,Fitness,Adidas,31884
P51133,Home,Furniture,Godrej,3461
P51134,Mobiles,Smartphones,Apple,49362
P51135,Fashion,Mens,Puma,372
P51136,Fashion,Womens,FabIndia,4649
P51137,Mobiles,Smartphones,Mi,35610
P51138,Beauty,Skincare,Mamaearth,6130
P51139,Fashion,Womens,Biba,4911
P51140,Mobiles,Smartphones,Mi,14717
P51141,Electronics,Headphones,Realme,14131
P51142,Home,Furniture,Zuari,15936
P51143,Home,Kitchen,Hawkins,4816
P51144,Electronics,Laptops,Dell,76645
P51145,Mobiles,Smartphones,OnePlus,36550
P51146,Home,Kitchen,Philips,4531
P51147,Fashion,Womens,Zara,3876
P51148,Home,Kitchen,Butterfly,8400
P51149,Beauty,Skincare,Nivea,5520
P51150,Grocery,Essentials,Surf Excel,1682
P51151,Grocery,Essentials,Dettol,82
P51152,Home,Furniture,Zuari,12886
P51153,Mobiles,Smartphones,Motorola,76909
P51154,Beauty,Skincare,Mamaearth,6376
P51155,Electronics,Laptops,Lenovo,70805
P51156,Fashion,Mens,Roadster,3898
P51157,Sports,Fitness,Adidas,33032
P51158,Home,Furniture,Godrej,49229
P51159,Sports,Fitness,Adidas,35660
P51160,Grocery,Essentials,Colgate,66
P51161,Electronics,Headphones,OnePlus,11863
P51162,Fashion,Mens,USPA,7005
P51163,Fashion,Mens,Adidas,7090
P51164,Sports,Fitness,Adidas,34085
P51165,Electronics,Headphones,Sony,7003
P51166,Fashion,Womens,FabIndia,1960
P51167,Home,Kitchen,Prestige,4862
P51168,Home,Furniture,Ikea,55875
P51169,Beauty,Skincare,Lakme,2538
P51170,Fashion,Mens,Roadster,3283
P51171,Sports,Fitness,HRX,23712
P51172,Home,Kitchen,Prestige,1510
P51173,Grocery,Essentials,Dettol,547
P51174,Beauty,Skincare,Nivea,699
P51175,Sports,Fitness,Decathlon,14526
P51176,Home,Furniture,Godrej,56632
P51177,Electronics,Laptops,Asus,75998
P51178,Fashion,Mens,Levis,2155
P51179,Grocery,Essentials,Dettol,498
P51180,Home,Furniture,Ikea,59013
P51181,Mobiles,Smartphones,Motorola,58039
P51182,Grocery,Essentials,Surf Excel,729
P51183,Beauty,Skincare,Nivea,3352
P51184,Mobiles,Smartphones,Mi,41603
P51185,Grocery,Essentials,Maggi,179
P51186,Sports,Fitness,HRX,33416
P51187,Electronics,Laptops,HP,141183
P51188,Home,Kitchen,Hawkins,2044
P51189,Electronics,Laptops,Apple,92182
P51190,Electronics,Laptops,Asus,77147
P51191,Sports,Fitness,Adidas,10364
P51192,Electronics,Headphones,Sony,14466
P51193,Grocery,Essentials,Dettol,1989
P51194,Home,Kitchen,Hawkins,7678
P51195,Fashion,Womens,Zara,957
P51196,Sports,Fitness,Adidas,36935
P51197,Electronics,Headphones,Sony,10045
P51198,Sports,Fitness,Strauss,17460
P51199,Electronics,Headphones,JBL,12087
P51200,Electronics,Laptops,Apple,118143
P51201,Fashion,Mens,Levis,5118
P51202,Fashion,Mens,USPA,6665
P51203,Mobiles,Smartphones,Realme,47955
P51204,Fashion,Womens,Zara,5137
P51205,Home,Kitchen,Hawkins,3272
P51206,Electronics,Headphones,OnePlus,8556
P51207,Grocery,Essentials,Colgate,629
P51208,Electronics,Laptops,Acer,143636
P51209,Beauty,Skincare,Lakme,6644
P51210,Grocery,Essentials,Colgate,1938
P51211,Grocery,Essentials,Surf Excel,950
P51212,Electronics,Headphones,OnePlus,2427
P51213,Home,Kitchen,Pigeon,1788
P51214,Electronics,Laptops,Dell,53774
P51215,Electronics,Laptops,Acer,34127
P51216,Home,Kitchen,Pigeon,3863
P51217,Fashion,Mens,Adidas,3929
P51218,Home,Furniture,Zuari,44674
P51219,Mobiles,Smartphones,OnePlus,65764
P51220,Sports,Fitness,HRX,36788
P51221,Mobiles,Smartphones,Vivo,45664
P51222,Fashion,Mens,Puma,7943
P51223,Electronics,Headphones,Sennheiser,7841
P51224,Electronics,Headphones,Sennheiser,4111
P51225,Fashion,Womens,Biba,2605
P51226,Mobiles,Smartphones,Mi,31259
P51227,Mobiles,Smartphones,Apple,33571
P51228,Sports,Fitness,Strauss,8509
P51229,Electronics,Headphones,Sennheiser,12706
P51230,Grocery,Essentials,Surf Excel,439
P51231,Mobiles,Smartphones,Vivo,45230
P51232,Sports,Fitness,HRX,36726
P51233,Home,Kitchen,Hawkins,8885
P51234,Beauty,Skincare,Maybelline,4878
P51235,Home,Kitchen,Philips,4030
P51236,Sports,Fitness,HRX,29320
P51237,Grocery,Essentials,Surf Excel,1453
P51238,Fashion,Womens,Biba,5206
P51239,Electronics,Headphones,OnePlus,827
P51240,Fashion,Womens,W,7616
P51241,Fashion,Womens,FabIndia,3791
P51242,Sports,Fitness,HRX,39691
P51243,Electronics,Headphones,Sony,6101
P51244,Electronics,Laptops,Apple,37453
P51245,Beauty,Skincare,Mamaearth,6260
P51246,Mobiles,Smartphones,OnePlus,57325
P51247,Fashion,Womens,Biba,638
P51248,Home,Kitchen,Prestige,9560
P51249,Electronics,Laptops,Asus,139165
P51250,Electronics,Laptops,Lenovo,74993
P51251,Grocery,Essentials,Surf Excel,238
P51252,Fashion,Womens,Zara,5046
P51253,Fashion,Womens,W,7528
P51254,Home,Furniture,Durian,51445
P51255,Sports,Fitness,Strauss,26398
P51256,Grocery,Essentials,Aashirvaad,464
P51257,Electronics,Laptops,Apple,75799
P51258,Electronics,Laptops,Apple,144586
P51259,Home,Furniture,Ikea,55678
P51260,Mobiles,Smartphones,Motorola,78150
P51261,Fashion,Mens,Puma,7567
P51262,Home,Kitchen,Pigeon,11586
P51263,Fashion,Mens,USPA,3791
P51264,Fashion,Womens,FabIndia,3795
P51265,Electronics,Headphones,JBL,13574
P51266,Grocery,Essentials,Surf Excel,1803
P51267,Fashion,Womens,Zara,388
P51268,Mobiles,Smartphones,Samsung,47144
P51269,Fashion,Mens,Levis,4666
P51270,Fashion,Womens,FabIndia,2256
P51271,Home,Kitchen,Hawkins,1199
P51272,Electronics,Laptops,HP,44861
P51273,Sports,Fitness,Adidas,35012
P51274,Beauty,Skincare,Lakme,4473
P51275,Fashion,Womens,Zara,6396
P51276,Mobiles,Smartphones,Motorola,25637
P51277,Grocery,Essentials,Aashirvaad,1663
P51278,Electronics,Headphones,OnePlus,11952
P51279,Home,Kitchen,Hawkins,1933
P51280,Home,Furniture,Ikea,25385
P51281,Mobiles,Smartphones,Oppo,63172
P51282,Fashion,Mens,Levis,1161
P51283,Sports,Fitness,Adidas,8649
P51284,Fashion,Mens,USPA,6779
P51285,Electronics,Laptops,Apple,128005
P51286,Sports,Fitness,HRX,23619
P51287,Fashion,Mens,Levis,5457
P51288,Grocery,Essentials,Aashirvaad,1063
P51289,Fashion,Mens,USPA,3599
P51290,Home,Kitchen,Pigeon,1806
P51291,Home,Kitchen,Butterfly,11697
P51292,Beauty,Skincare,Nivea,4903
P51293,Fashion,Mens,Roadster,1277
P51294,Grocery,Essentials,Aashirvaad,1463
P51295,Grocery,Essentials,Aashirvaad,1867
P51296,Fashion,Womens,W,3984
P51297,Electronics,Headphones,OnePlus,13050
P51298,Sports,Fitness,HRX,15260
P51299,Mobiles,Smartphones,Vivo,17826
P51300,Home,Furniture,Godrej,23285
P51301,Sports,Fitness,Decathlon,9640
P51302,Sports,Fitness,Adidas,7298
P51303,Electronics,Laptops,Apple,140161
P51304,Sports,Fitness,HRX,1067
P51305,Electronics,Laptops,Lenovo,102160
P51306,Fashion,Womens,FabIndia,4323
P51307,Electronics,Headphones,Sony,8766
P51308,Grocery,Essentials,Colgate,260
P51309,Beauty,Skincare,Lakme,5277
P51310,Grocery,Essentials,Colgate,1146
P51311,Fashion,Mens,USPA,4610
P51312,Home,Furniture,Zuari,47955
P51313,Electronics,Headphones,Realme,14889
P51314,Electronics,Headphones,JBL,2782
P51315,Fashion,Womens,Biba,1396
P51316,Home,Furniture,Godrej,57762
P51317,Fashion,Mens,Puma,5690
P51318,Fashion,Mens,Roadster,3870
P51319,Beauty,Skincare,Mamaearth,6597
P51320,Mobiles,Smartphones,OnePlus,53313
P51321,Grocery,Essentials,Dettol,1392
P51322,Sports,Fitness,Strauss,15878
P51323,Home,Furniture,Zuari,45632
P51324,Fashion,Mens,Levis,3946
P51325,Fashion,Mens,Levis,2719
P51326,Mobiles,Smartphones,Motorola,76815
P51327,Electronics,Headphones,JBL,12340
P51328,Fashion,Mens,USPA,973
P51329,Beauty,Skincare,Mamaearth,2902
P51330,Fashion,Mens,Adidas,7612
P51331,Fashion,Mens,Roadster,6077
P51332,Mobiles,Smartphones,Realme,23192
P51333,Beauty,Skincare,Nivea,1166
P51334,Home,Kitchen,Butterfly,5732
P51335,Electronics,Laptops,Asus,82225
P51336,Mobiles,Smartphones,Samsung,72604
P51337,Electronics,Headphones,boAt,11095
P51338,Electronics,Headphones,boAt,7574
P51339,Home,Furniture,Ikea,51571
P51340,Mobiles,Smartphones,Motorola,19190
P51341,Fashion,Womens,FabIndia,7010
P51342,Mobiles,Smartphones,Samsung,79427
P51343,Home,Kitchen,Prestige,5893
P51344,Fashion,Mens,Puma,6970
P51345,Mobiles,Smartphones,Oppo,62256
P51346,Fashion,Womens,FabIndia,5897
P51347,Sports,Fitness,Adidas,33707
P51348,Fashion,Womens,H&M,1586
P51349,Electronics,Headphones,Sennheiser,2008
P51350,Home,Kitchen,Butterfly,9570
P51351,Fashion,Mens,USPA,5727
P51352,Fashion,Womens,W,2863
P51353,Home,Kitchen,Prestige,7766
P51354,Sports,Fitness,Decathlon,18137
P51355,Beauty,Skincare,Maybelline,3457
P51356,Beauty,Skincare,Nivea,3309
P51357,Beauty,Skincare,Nivea,3649
P51358,Sports,Fitness,HRX,3578
P51359,Fashion,Mens,Adidas,3023
P51360,Electronics,Laptops,Apple,126794
P51361,Electronics,Laptops,Apple,28543
P51362,Home,Kitchen,Hawkins,8402
P51363,Beauty,Skincare,Maybelline,4615
P51364,Electronics,Headphones,JBL,2700
P51365,Fashion,Mens,USPA,4671
P51366,Electronics,Laptops,Dell,47064
P51367,Mobiles,Smartphones,OnePlus,79287
P51368,Home,Furniture,Godrej,16906
P51369,Grocery,Essentials,Aashirvaad,1816
P51370,Sports,Fitness,HRX,18596
P51371,Sports,Fitness,Decathlon,14925
P51372,Electronics,Laptops,Acer,76481
P51373,Sports,Fitness,Decathlon,12311
P51374,Beauty,Skincare,Mamaearth,1294
P51375,Grocery,Essentials,Aashirvaad,687
P51376,Electronics,Headphones,boAt,8962
P51377,Mobiles,Smartphones,OnePlus,57530
P51378,Home,Kitchen,Philips,9804
P51379,Grocery,Essentials,Colgate,917
P51380,Electronics,Headphones,Realme,1549
P51381,Sports,Fitness,Decathlon,22176
P51382,Electronics,Laptops,HP,90836
P51383,Fashion,Womens,FabIndia,4995
P51384,Home,Kitchen,Pigeon,4924
P51385,Fashion,Mens,USPA,6583
P51386,Home,Furniture,Ikea,22221
P51387,Electronics,Laptops,Lenovo,139965
P51388,Sports,Fitness,Decathlon,29834
P51389,Electronics,Laptops,Asus,134054
P51390,Beauty,Skincare,Maybelline,5565
P51391,Sports,Fitness,Adidas,20801
P51392,Electronics,Laptops,Asus,97843
P51393,Grocery,Essentials,Maggi,163
P51394,Grocery,Essentials,Dettol,629
P51395,Mobiles,Smartphones,Vivo,53586
P51396,Mobiles,Smartphones,Mi,60884
P51397,Home,Kitchen,Prestige,3768
P51398,Electronics,Laptops,Lenovo,35040
P51399,Mobiles,Smartphones,Motorola,78677
P51400,Beauty,Skincare,Nivea,5018
P51401,Electronics,Headphones,Realme,6769
P51402,Mobiles,Smartphones,OnePlus,20162
P51403,Electronics,Laptops,Apple,90435
P51404,Grocery,Essentials,Maggi,1943
P51405,Home,Furniture,Durian,54968
P51406,Fashion,Womens,Zara,1239
P51407,Fashion,Mens,Puma,6078
P51408,Mobiles,Smartphones,Apple,12037
P51409,Fashion,Mens,USPA,3482
P51410,Fashion,Womens,H&M,6294
P51411,Home,Kitchen,Butterfly,11801
P51412,Grocery,Essentials,Dettol,52
P51413,Grocery,Essentials,Surf Excel,1796
P51414,Fashion,Womens,Zara,2751
P51415,Electronics,Laptops,Lenovo,90560
P51416,Fashion,Mens,USPA,6262
P51417,Fashion,Mens,Roadster,2856
P51418,Fashion,Womens,FabIndia,7139
P51419,Fashion,Mens,USPA,7932
P51420,Electronics,Laptops,Acer,41444
P51421,Grocery,Essentials,Colgate,1581
P51422,Home,Kitchen,Pigeon,422
P51423,Beauty,Skincare,Maybelline,5716
P51424,Grocery,Essentials,Colgate,104
P51425,Electronics,Headphones,boAt,1986
P51426,Electronics,Headphones,Sennheiser,14810
P51427,Grocery,Essentials,Maggi,1112
P51428,Electronics,Laptops,Asus,49248
P51429,Beauty,Skincare,Lakme,5302
P51430,Home,Kitchen,Pigeon,10222
P51431,Fashion,Mens,Roadster,4941
P51432,Electronics,Headphones,JBL,4889
P51433,Electronics,Headphones,Realme,3272
P51434,Electronics,Headphones,JBL,11957
P51435,Sports,Fitness,Adidas,36232
P51436,Electronics,Laptops,Acer,33104
P51437,Grocery,Essentials,Maggi,1360
P51438,Beauty,Skincare,Lakme,254
P51439,Grocery,Essentials,Maggi,214
P51440,Sports,Fitness,HRX,9954
P51441,Electronics,Headphones,Sennheiser,7592
P51442,Fashion,Womens,Biba,1662
P51443,Sports,Fitness,Adidas,26013
P51444,Electronics,Laptops,Dell,132007
P51445,Home,Kitchen,Butterfly,8678
P51446,Fashion,Mens,Levis,7507
P51447,Home,Furniture,Godrej,52997
P51448,Beauty,Skincare,Maybelline,1802
P51449,Sports,Fitness,Decathlon,17538
P51450,Home,Kitchen,Hawkins,6135
P51451,Home,Furniture,Zuari,6271
P51452,Home,Kitchen,Philips,11313
P51453,Grocery,Essentials,Dettol,813
P51454,Grocery,Essentials,Dettol,1402
P51455,Electronics,Headphones,OnePlus,14018
P51456,Mobiles,Smartphones,Samsung,61471
P51457,Fashion,Mens,Roadster,5106
P51458,Electronics,Laptops,Asus,69227
P51459,Electronics,Laptops,HP,122081
P51460,Electronics,Headphones,Sennheiser,7532
P51461,Grocery,Essentials,Colgate,580
P51462,Electronics,Headphones,Realme,1885
P51463,Fashion,Womens,Zara,5746
P51464,Sports,Fitness,Adidas,21260
P51465,Sports,Fitness,Adidas,2463
P51466,Beauty,Skincare,Nivea,1885
P51467,Grocery,Essentials,Colgate,276
P51468,Mobiles,Smartphones,Vivo,34262
P51469,Fashion,Womens,Zara,5477
P51470,Fashion,Womens,Biba,3268
P51471,Grocery,Essentials,Aashirvaad,526
P51472,Sports,Fitness,Strauss,8043
P51473,Home,Furniture,Ikea,43675
P51474,Sports,Fitness,HRX,17126
P51475,Beauty,Skincare,Nivea,6610
P51476,Beauty,Skincare,Maybelline,5131
P51477,Grocery,Essentials,Dettol,1917
P51478,Fashion,Mens,Roadster,1823
P51479,Fashion,Mens,Levis,1137
P51480,Mobiles,Smartphones,Realme,10323
P51481,Fashion,Mens,Levis,3253
P51482,Home,Kitchen,Pigeon,9837
P51483,Home,Kitchen,Philips,10915
P51484,Electronics,Laptops,Dell,149908
P51485,Home,Kitchen,Butterfly,1732
P51486,Home,Furniture,Zuari,25238
P51487,Home,Furniture,Godrej,42423
P51488,Home,Furniture,Ikea,10431
P51489,Home,Kitchen,Philips,8630
P51490,Mobiles,Smartphones,Vivo,51153
P51491,Sports,Fitness,HRX,9111
P51492,Grocery,Essentials,Maggi,1634
P51493,Electronics,Headphones,Sennheiser,1103
P51494,Electronics,Laptops,HP,59930
P51495,Beauty,Skincare,Lakme,6586
P51496,Fashion,Womens,W,5670
P51497,Beauty,Skincare,Lakme,2126
P51498,Electronics,Laptops,Apple,127406
P51499,Beauty,Skincare,Maybelline,6974
